-- --------------------------------------------------------
-- Host:                         localhost
-- Versión del servidor:         11.0.2-MariaDB - MariaDB Server
-- SO del servidor:              Linux
-- HeidiSQL Versión:             12.5.0.6677
-- --------------------------------------------------------

/*!40101 SET @OLD_CHARACTER_SET_CLIENT=@@CHARACTER_SET_CLIENT */;
/*!40101 SET NAMES utf8 */;
/*!50503 SET NAMES utf8mb4 */;
/*!40103 SET @OLD_TIME_ZONE=@@TIME_ZONE */;
/*!40103 SET TIME_ZONE='+00:00' */;
/*!40014 SET @OLD_FOREIGN_KEY_CHECKS=@@FOREIGN_KEY_CHECKS, FOREIGN_KEY_CHECKS=0 */;
/*!40101 SET @OLD_SQL_MODE=@@SQL_MODE, SQL_MODE='NO_AUTO_VALUE_ON_ZERO' */;
/*!40111 SET @OLD_SQL_NOTES=@@SQL_NOTES, SQL_NOTES=0 */;

-- Volcando datos para la tabla sweet_beauty.cambio_precio_producto: ~6 rows (aproximadamente)
INSERT INTO `cambio_precio_producto` (`id_cambio_p_p`, `producto_modificado`, `precio_viejo`, `precio_nuevo`, `fecha_cambio_p_p`) VALUES
	(1, 'Eucerin Mascarilla facial hidratante con Acido Hialuronico 1pz', 250.00, 260.00, '2023-08-14'),
	(2, 'Eucerin Mascarilla facial hidratante con Acido Hialuronico 1pz', 260.00, 250.00, '2023-08-14'),
	(3, 'Eucerin Mascarilla facial hidratante con Acido Hialuronico 1pz', 250.00, 270.00, '2023-08-14'),
	(4, 'Eucerin Mascarilla facial hidratante con Acido Hialuronico 1pz', 270.00, 280.00, '2023-08-14'),
	(5, 'Eucerin Protector solar facial efecto mate toque seco Oil Control, , 50 ml', -20.00, 500.00, '2023-08-15'),
	(6, 'Paquete de Esponjas', 150.00, 140.00, '2023-08-20');

-- Volcando datos para la tabla sweet_beauty.cambio_precio_servicio: ~6 rows (aproximadamente)
INSERT INTO `cambio_precio_servicio` (`id_cambio_p_s`, `servicio_modificado`, `servicio_viejo`, `servicio_nuevo`, `fecha_cambio_p_s`) VALUES
	(1, 'Encerado', 550.00, 555.00, '2023-08-17'),
	(2, 'Encerado', 555.00, -555.00, '2023-08-17'),
	(3, 'Encerado', -555.00, 555.00, '2023-08-17'),
	(4, 'Encerado', 555.00, 550.00, '2023-08-17'),
	(5, 'Uñas medianas', 220.00, 200.00, '2023-08-17'),
	(6, 'Paquete maquillaje y peinado', 400.00, 500.00, '2023-08-17');

-- Volcando datos para la tabla sweet_beauty.categorias: ~8 rows (aproximadamente)
INSERT INTO `categorias` (`id_categoria`, `nombre_categoria`) VALUES
	(2, 'Herramientas De Maquillaje'),
	(3, 'Makeup'),
	(4, 'Skincare'),
	(5, 'Cuidado Capilar'),
	(6, 'Uñas'),
	(7, 'Cuidado De Manos Y Pies'),
	(8, 'Cuidado De Cejas Y Pestañas'),
	(9, 'Proteccion Solar');

-- Volcando datos para la tabla sweet_beauty.colores: ~17 rows (aproximadamente)
INSERT INTO `colores` (`id_color`, `nombre_color`) VALUES
	(0, 'Sin color'),
	(1, 'Azul'),
	(2, 'Rojo'),
	(3, 'Verde'),
	(4, 'Amarillo'),
	(5, 'Naranja'),
	(6, 'Morado'),
	(7, 'Rosa'),
	(8, 'Negro'),
	(9, 'Cafe'),
	(19, 'Praline'),
	(20, 'Daredevil'),
	(21, 'Beige'),
	(22, 'Espresso'),
	(23, 'Multicolor'),
	(24, 'Amazul'),
	(25, 'chocolate');

-- Volcando datos para la tabla sweet_beauty.detalles_registros_cita: ~49 rows (aproximadamente)
INSERT INTO `detalles_registros_cita` (`id_detalle_registro_cita`, `registro_cita_detalle_registro_FK`, `tipo_servicio_registro_cita_FK`, `precio_registro_cita`) VALUES
	(1, 1, 11, 225.00),
	(2, 2, 4, 550.00),
	(3, 2, 5, 900.00),
	(4, 2, 6, 300.00),
	(5, 2, 11, 220.00),
	(6, 2, 13, 100.00),
	(7, 2, 14, 400.00),
	(8, 2, 3, 100.00),
	(9, 3, 7, 1000.00),
	(10, 4, 12, 270.00),
	(12, 5, 4, 550.00),
	(13, 5, 7, 1000.00),
	(14, 5, 8, 100.00),
	(15, 6, 4, 1000.00),
	(16, 7, 5, 900.00),
	(17, 8, 6, 300.00),
	(18, 9, 4, 550.00),
	(19, 9, 5, 900.00),
	(20, 9, 6, 300.00),
	(21, 9, 7, 1000.00),
	(22, 9, 8, 100.00),
	(23, 9, 9, 120.00),
	(24, 10, 2, 100.00),
	(25, 11, 4, 700.00),
	(26, 12, 12, 270.00),
	(27, 13, 1, 100.00),
	(28, 14, 4, 550.00),
	(29, 15, 9, 120.00),
	(30, 16, 4, 550.00),
	(31, 17, 4, 550.00),
	(32, 18, 5, 900.00),
	(33, 18, 6, 300.00),
	(34, 18, 9, 120.00),
	(35, 19, 2, 100.00),
	(36, 20, 9, 120.00),
	(37, 21, 9, 124.00),
	(38, 22, 12, 270.00),
	(39, 23, 6, 300.00),
	(40, 23, 8, 100.00),
	(41, 24, 5, 940.00),
	(42, 25, 14, 400.00),
	(43, 26, 12, 270.00),
	(44, 27, 15, 20.00),
	(45, 28, 14, 500.00),
	(46, 29, 9, 120.00),
	(47, 30, 15, 20.00),
	(48, 31, 14, 500.00),
	(49, 32, 5, 900.00),
	(50, 33, 2, 100.00);

-- Volcando datos para la tabla sweet_beauty.detalle_orden_venta: ~58 rows (aproximadamente)
INSERT INTO `detalle_orden_venta` (`id_detalle_orden_venta`, `orden_venta_detalle_orden_FK`, `producto_orden_venta_FK`, `cantidad_producto_orden_venta`, `precio_detalle_orden`) VALUES
	(1, 'ORD3591108', 16, 3, 200.00),
	(2, 'ORD2005046', 16, 5, 200.00),
	(3, 'ORD2005046', 8, 3, 250.00),
	(4, 'ORD2005046', 19, 9, 160.00),
	(5, 'ORD8868014', 19, 4, 160.00),
	(6, 'ORD8868014', 16, 4, 200.00),
	(7, 'ORD8868014', 8, 5, 280.00),
	(8, 'ORD0367998', 19, 7, 160.00),
	(9, 'ORD0367998', 16, 5, 200.00),
	(10, 'ORD8609359', 19, 2, 160.00),
	(11, 'ORD3587635', 20, 1, 150.00),
	(12, 'ORD5804710', 19, 1, 160.00),
	(13, 'ORD5953571', 8, 2, 280.00),
	(14, 'ORD0816349', 19, 1, 160.00),
	(15, 'ORD2645102', 9, 1, 40.00),
	(16, 'ORD5605304', 8, 3, 280.00),
	(17, 'ORD5605304', 14, 2, 400.00),
	(18, 'ORD2898353', 19, 1, 160.00),
	(19, 'ORD4610133', 15, 18, 260.00),
	(20, 'ORD4610133', 9, 5, 40.00),
	(21, 'ORD4610133', 16, 2, 200.00),
	(22, 'ORD3367055', 16, 3, 200.00),
	(23, 'ORD8615684', 16, 1, 200.00),
	(24, 'ORD2888148', 16, 4, 200.00),
	(25, 'ORD4880510', 15, 2, 260.00),
	(26, 'ORD4380860', 15, 2, 260.00),
	(27, 'ORD3458141', 15, 1, 260.00),
	(28, 'ORD4190467', 19, 1, 160.00),
	(29, 'ORD5007160', 12, 10, 150.00),
	(30, 'ORD1960972', 4, 10500, 200.00),
	(31, 'ORD3510726', 4, 21000, 200.00),
	(32, 'ORD0336412', 12, 1, 150.00),
	(33, 'ORD2416136', 15, 165, 260.00),
	(34, 'ORD6515383', 8, 1, 280.00),
	(35, 'ORD6407057', 15, 2, 260.00),
	(36, 'ORD7755387', 11, 2, 200.00),
	(37, 'ORD8471544', 19, 1, 160.00),
	(38, 'ORD8849158', 15, 3, 260.00),
	(39, 'ORD2160905', 14, 1, 400.00),
	(40, 'ORD2160905', 1, 1, 240.00),
	(41, 'ORD1622519', 11, 1, 200.00),
	(42, 'ORD5552409', 11, 1, 200.00),
	(43, 'ORD9987390', 9, 1, 40.00),
	(44, 'ORD9987390', 15, 1, 260.00),
	(45, 'ORD3459476', 17, 5, 200.00),
	(46, 'ORD7070138', 12, 3, 150.00),
	(47, 'ORD7070138', 18, 1, 270.00),
	(48, 'ORD9273669', 9, 1, 40.00),
	(49, 'ORD9273669', 15, 1, 260.00),
	(50, 'ORD8528346', 19, 1, 160.00),
	(51, 'ORD5138616', 9, 1, 40.00),
	(52, 'ORD5138616', 15, 1, 260.00),
	(53, 'ORD3851488', 10, 10, 230.00),
	(54, 'ORD8879199', 14, 1, 400.00),
	(55, 'ORD4003014', 17, 1, 200.00),
	(56, 'ORD8727680', 10, 1, 230.00),
	(57, 'ORD8818826', 4, 2, 200.00),
	(58, 'ORD3635967', 9, 1, 40.00);

-- Volcando datos para la tabla sweet_beauty.detalle_productos: ~25 rows (aproximadamente)
INSERT INTO `detalle_productos` (`id_detalle_producto`, `detalle_producto_detalle_producto_FK`, `color_detalle_producto_FK`, `existencias_detalle_producto`, `imagen_detalle_producto`) VALUES
	(1, 1, 0, 139, 'Kuul_Reconstructor.jpg'),
	(2, 2, 0, 202, 'Total_Remover.jpg'),
	(3, 3, 0, 170, 'TRESemme_Acondicionador.jpg'),
	(4, 4, 0, 3, 'NIVEA_SUN.jpg'),
	(5, 5, 0, 100, 'JDenis_Kit_Cejas.jpg'),
	(6, 6, 0, 54, 'Passini_Removedor_Cutícula.jpg'),
	(7, 7, 0, 64, 'Republic_cosmetics_FAUX_MINK.jpg'),
	(8, 8, 0, 205, 'Eucerin_Mascarilla.jpg'),
	(9, 9, 0, 103, 'Garnier_Macarilla_vc.jpg'),
	(10, 10, 8, 88, 'Revlon_Eyeliner_negro.jpg'),
	(11, 11, 19, 99, 'Revlon_sombra_Praline.jpg'),
	(12, 12, 20, 121, 'RevlonEsmalte_Daredevil.jpg'),
	(13, 13, 0, 112, 'SerumRoseSublime.jpg'),
	(14, 14, 0, 198, 'EucerinProtectorSolar.jpg'),
	(15, 15, 21, 193, 'HASPINHOrganizador_Beige.jpg'),
	(16, 16, 0, 163, 'RealTechniquesEsponja.jpg'),
	(17, 17, 2, 154, 'LABELLOLabial_Rojo.jpg'),
	(18, 18, 22, 116, 'GelCejasNyx_Espresso.jpg'),
	(19, 19, 0, 119, 'Exfoliantepies.jpg'),
	(20, 20, 0, 69, 'RevlonEyelash.jpg'),
	(21, 18, 25, 500, 'GelCejasNyx_Chocolate.jpg'),
	(22, 18, 1, 2, 'bora bora.jpg'),
	(23, 40, 23, 10, 'images.jpg'),
	(24, 41, 0, 35, 'shampoo.jpg'),
	(25, 11, 6, 3, 'gran.avif');

-- Volcando datos para la tabla sweet_beauty.existencias_productos: ~122 rows (aproximadamente)
INSERT INTO `existencias_productos` (`id_existencias`, `producto`, `existencias_nuevas`, `movimiento`, `fecha_cambio_inventario`) VALUES
	(1, 'Real Techniques, Esponja Miracle Complexion Esponja de Maquillaje multifuncional 3 en 1, tecnologia ', 109, 'Retirado', '2023-08-14'),
	(2, 'Real Techniques, Esponja Miracle Complexion Esponja de Maquillaje multifuncional 3 en 1, tecnologia ', 102, 'Retirado', '2023-08-14'),
	(3, 'Eucerin Mascarilla facial hidratante con Acido Hialuronico 1pz', 6, 'Retirado', '2023-08-14'),
	(4, 'Exfoliante para pies Bioaqua Suaviza y remueve Callos al instante 200ml', -8, 'Retirado', '2023-08-14'),
	(5, 'Eucerin Mascarilla facial hidratante con Acido Hialuronico 1pz', 6, 'Ingresado', '2023-08-14'),
	(6, 'Eucerin Mascarilla facial hidratante con Acido Hialuronico 1pz', 15, 'Ingresado', '2023-08-14'),
	(7, 'Eucerin Mascarilla facial hidratante con Acido Hialuronico 1pz', 20, 'Ingresado', '2023-08-14'),
	(8, 'Eucerin Mascarilla facial hidratante con Acido Hialuronico 1pz', 200, 'Ingresado', '2023-08-14'),
	(9, 'Eucerin protector solar extra ligero FPS50+-1 x 150 ml', 2000, 'Ingresado', '2023-08-14'),
	(10, 'Exfoliante para pies Bioaqua Suaviza y remueve Callos al instante 200ml', 10000, 'Ingresado', '2023-08-14'),
	(11, 'TRESemme Acondicionador sin parabenos Detox Hidratacion con aguacate y macadamia 715 ml', 1706, 'Ingresado', '2023-08-14'),
	(12, 'Garnier Mascarilla Facial tono uniforme con vitamina C Express Aclara', 1080, 'Ingresado', '2023-08-14'),
	(13, 'Serum para manos La Rose Sublime', 11200, 'Ingresado', '2023-08-14'),
	(14, 'Gel para cejas, Tinted Brow Mascara, Nyx Professional Makeup, Tono Espresso, 6.2g', 11700, 'Ingresado', '2023-08-14'),
	(15, 'HASPINH Organizador de maquillaje', 500, 'Ingresado', '2023-08-14'),
	(16, 'J. Denis-Kit Diseño De cejas', 800, 'Ingresado', '2023-08-14'),
	(17, 'Revlon Eyelash Curler Na, 1 cuenta', 3000, 'Ingresado', '2023-08-14'),
	(18, 'Kuul Reconstructor System 35.2oz by Kuul', 1900, 'Ingresado', '2023-08-14'),
	(19, 'Total Remover 16oz', 20200, 'Ingresado', '2023-08-14'),
	(20, 'LABELLO Balsamo Labial Caring Beauty Red (4.8 g), Color intenso y Cuidado duradero', 20000, 'Ingresado', '2023-08-14'),
	(21, 'Revlon Colorstay Eyeliner 0.28g', 9900, 'Ingresado', '2023-08-14'),
	(22, 'Nivea Sun protector Solar Facial Control de brillo Tono Medio (50ml) FPS 50+', 10500, 'Ingresado', '2023-08-14'),
	(23, 'Passini-liquido removedor de cuticula 115ML', 5400, 'Ingresado', '2023-08-14'),
	(24, 'Real Techniques, Esponja Miracle Complexion Esponja de Maquillaje multifuncional 3 en 1, tecnologia ', 10700, 'Ingresado', '2023-08-14'),
	(25, 'Republic cosmetics-3D FAUX MINK Un paquete con 5 pares de pestañas postizas (A5-045)', 2100, 'Ingresado', '2023-08-14'),
	(26, 'Revlon Esmalte Ultra HD Nail Snap Daredevil', 7700, 'Ingresado', '2023-08-14'),
	(27, 'Eucerin Mascarilla facial hidratante con Acido Hialuronico 1pz', 20000, 'Ingresado', '2023-08-14'),
	(28, 'Revlon Colorstay creme sombra de ojos, Praline', 10100, 'Ingresado', '2023-08-14'),
	(29, 'J. Denis-Kit Diseño De cejas', 80000, 'Ingresado', '2023-08-14'),
	(30, 'HASPINH Organizador de maquillaje', 50000, 'Ingresado', '2023-08-14'),
	(31, 'Exfoliante para pies Bioaqua Suaviza y remueve Callos al instante 200ml', 9992, 'Retirado', '2023-08-14'),
	(32, 'Real Techniques, Esponja Miracle Complexion Esponja de Maquillaje multifuncional 3 en 1, tecnologia ', 10692, 'Retirado', '2023-08-14'),
	(33, 'Eucerin Mascarilla facial hidratante con Acido Hialuronico 1pz', 19990, 'Retirado', '2023-08-14'),
	(34, 'Exfoliante para pies Bioaqua Suaviza y remueve Callos al instante 200ml', 9982, 'Retirado', '2023-08-14'),
	(35, 'Real Techniques, Esponja Miracle Complexion Esponja de Maquillaje multifuncional 3 en 1, tecnologia ', 10686, 'Retirado', '2023-08-14'),
	(36, 'Exfoliante para pies Bioaqua Suaviza y remueve Callos al instante 200ml', 9985, 'Retirado', '2023-08-14'),
	(37, 'Revlon Eyelash Curler Na, 1 cuenta', 2998, 'Retirado', '2023-08-14'),
	(38, 'Exfoliante para pies Bioaqua Suaviza y remueve Callos al instante 200ml', 9985, 'Retirado', '2023-08-14'),
	(39, 'Eucerin Mascarilla facial hidratante con Acido Hialuronico 1pz', 19991, 'Retirado', '2023-08-14'),
	(40, 'Exfoliante para pies Bioaqua Suaviza y remueve Callos al instante 200ml', 9984, 'Retirado', '2023-08-14'),
	(41, 'Garnier Mascarilla Facial tono uniforme con vitamina C Express Aclara', 1078, 'Retirado', '2023-08-14'),
	(42, 'Eucerin Mascarilla facial hidratante con Acido Hialuronico 1pz', 19987, 'Retirado', '2023-08-14'),
	(43, 'Eucerin protector solar extra ligero FPS50+-1 x 150 ml', 1996, 'Retirado', '2023-08-14'),
	(44, 'Exfoliante para pies Bioaqua Suaviza y remueve Callos al instante 200ml', 9983, 'Retirado', '2023-08-15'),
	(45, 'HASPINH Organizador de maquillaje', 49964, 'Retirado', '2023-08-15'),
	(46, 'Garnier Mascarilla Facial tono uniforme con vitamina C Express Aclara', 1069, 'Retirado', '2023-08-15'),
	(47, 'Real Techniques, Esponja Miracle Complexion Esponja de Maquillaje multifuncional 3 en 1, tecnologia ', 10687, 'Retirado', '2023-08-15'),
	(48, 'Real Techniques, Esponja Miracle Complexion Esponja de Maquillaje multifuncional 3 en 1, tecnologia ', 10683, 'Retirado', '2023-08-15'),
	(49, 'Real Techniques, Esponja Miracle Complexion Esponja de Maquillaje multifuncional 3 en 1, tecnologia ', 10684, 'Retirado', '2023-08-15'),
	(50, 'Real Techniques, Esponja Miracle Complexion Esponja de Maquillaje multifuncional 3 en 1, tecnologia ', 10677, 'Retirado', '2023-08-15'),
	(51, 'HASPINH Organizador de maquillaje', 49978, 'Retirado', '2023-08-15'),
	(52, 'HASPINH Organizador de maquillaje', 49976, 'Retirado', '2023-08-15'),
	(53, 'HASPINH Organizador de maquillaje', 49976, 'Retirado', '2023-08-15'),
	(54, 'Exfoliante para pies Bioaqua Suaviza y remueve Callos al instante 200ml', 9982, 'Retirado', '2023-08-15'),
	(55, 'Revlon Esmalte Ultra HD Nail Snap Daredevil', 7680, 'Retirado', '2023-08-15'),
	(56, 'Nivea Sun protector Solar Facial Control de brillo Tono Medio (50ml) FPS 50+', -10500, 'Retirado', '2023-08-15'),
	(57, 'Nivea Sun protector Solar Facial Control de brillo Tono Medio (50ml) FPS 50+', 10500, 'Ingresado', '2023-08-15'),
	(58, 'Exfoliante para pies Bioaqua Suaviza y remueve Callos al instante 200ml', 9990, 'Ingresado', '2023-08-15'),
	(59, 'Real Techniques, Esponja Miracle Complexion Esponja de Maquillaje multifuncional 3 en 1, tecnologia ', 10686, 'Ingresado', '2023-08-15'),
	(60, 'Nivea Sun protector Solar Facial Control de brillo Tono Medio (50ml) FPS 50+', 21000, 'Ingresado', '2023-08-15'),
	(61, 'Exfoliante para pies Bioaqua Suaviza y remueve Callos al instante 200ml', 9991, 'Ingresado', '2023-08-15'),
	(62, 'Real Techniques, Esponja Miracle Complexion Esponja de Maquillaje multifuncional 3 en 1, tecnologia ', 10691, 'Ingresado', '2023-08-15'),
	(63, 'Eucerin Mascarilla facial hidratante con Acido Hialuronico 1pz', 19993, 'Ingresado', '2023-08-15'),
	(64, 'Exfoliante para pies Bioaqua Suaviza y remueve Callos al instante 200ml', 10000, 'Ingresado', '2023-08-15'),
	(65, 'Nivea Sun protector Solar Facial Control de brillo Tono Medio (50ml) FPS 50+', -21000, 'Retirado', '2023-08-15'),
	(66, 'Revlon Esmalte Ultra HD Nail Snap Daredevil', 7688, 'Retirado', '2023-08-15'),
	(67, 'HASPINH Organizador de maquillaje', 49647, 'Retirado', '2023-08-15'),
	(68, 'Eucerin Mascarilla facial hidratante con Acido Hialuronico 1pz', 19991, 'Retirado', '2023-08-15'),
	(69, 'HASPINH Organizador de maquillaje', 49808, 'Retirado', '2023-08-15'),
	(70, 'Revlon Colorstay creme sombra de ojos, Praline', 10096, 'Retirado', '2023-08-15'),
	(71, 'Exfoliante para pies Bioaqua Suaviza y remueve Callos al instante 200ml', 9998, 'Retirado', '2023-08-16'),
	(72, 'HASPINH Organizador de maquillaje', 49804, 'Retirado', '2023-08-16'),
	(73, 'Revlon Eyelash Curler Na, 1 cuenta', 3000, 'Ingresado', '2023-08-16'),
	(74, 'Revlon Eyelash Curler Na, 1 cuenta', 3001, 'Ingresado', '2023-08-16'),
	(75, 'Garnier Mascarilla Facial tono uniforme con vitamina C Express Aclara', 1075, 'Ingresado', '2023-08-17'),
	(76, 'Real Techniques, Esponja Miracle Complexion Esponja de Maquillaje multifuncional 3 en 1, tecnologia ', 10694, 'Ingresado', '2023-08-17'),
	(77, 'Eucerin Mascarilla facial hidratante con Acido Hialuronico 1pz', 19995, 'Ingresado', '2023-08-17'),
	(78, 'Eucerin protector solar extra ligero FPS50+-1 x 150 ml', 2000, 'Ingresado', '2023-08-17'),
	(79, 'Exfoliante para pies Bioaqua Suaviza y remueve Callos al instante 200ml', 10000, 'Ingresado', '2023-08-17'),
	(80, 'Eucerin Mascarilla facial hidratante con Acido Hialuronico 1pz', 19997, 'Ingresado', '2023-08-17'),
	(81, 'Exfoliante para pies Bioaqua Suaviza y remueve Callos al instante 200ml', 10002, 'Ingresado', '2023-08-17'),
	(82, 'Exfoliante para pies Bioaqua Suaviza y remueve Callos al instante 200ml', 10006, 'Ingresado', '2023-08-17'),
	(83, 'Real Techniques, Esponja Miracle Complexion Esponja de Maquillaje multifuncional 3 en 1, tecnologia ', 10698, 'Ingresado', '2023-08-17'),
	(84, 'Eucerin Mascarilla facial hidratante con Acido Hialuronico 1pz', 20002, 'Ingresado', '2023-08-17'),
	(85, 'Revlon Eyelash Curler Na, 1 cuenta', 3002, 'Ingresado', '2023-08-17'),
	(86, 'Exfoliante para pies Bioaqua Suaviza y remueve Callos al instante 200ml', 10013, 'Ingresado', '2023-08-17'),
	(87, 'Real Techniques, Esponja Miracle Complexion Esponja de Maquillaje multifuncional 3 en 1, tecnologia ', 10703, 'Ingresado', '2023-08-17'),
	(88, 'Revlon Esmalte Ultra HD Nail Snap Daredevil', 7690, 'Ingresado', '2023-08-17'),
	(89, 'Revlon Esmalte Ultra HD Nail Snap Daredevil', 7691, 'Ingresado', '2023-08-17'),
	(90, 'Gel para cejas, Tinted Brow Mascara, Nyx Professional Makeup, Tono Espresso, 6.2g', 500, 'Ingresado', '2023-08-17'),
	(91, 'Eucerin protector solar extra ligero FPS50+-1 x 150 ml', 198, 'Retirado', '2023-08-17'),
	(92, 'Kuul Reconstructor System 35.2oz by Kuul', 138, 'Retirado', '2023-08-17'),
	(93, 'Revlon Colorstay creme sombra de ojos, Praline', 98, 'Retirado', '2023-08-17'),
	(94, 'Revlon Colorstay creme sombra de ojos, Praline', 97, 'Retirado', '2023-08-17'),
	(95, 'Garnier Mascarilla Facial tono uniforme con vitamina C Express Aclara', 105, 'Retirado', '2023-08-17'),
	(96, 'HASPINH Organizador de maquillaje', 194, 'Retirado', '2023-08-17'),
	(97, 'LABELLO Balsamo Labial Caring Beauty Red (4.8 g), Color intenso y Cuidado duradero', 150, 'Retirado', '2023-08-17'),
	(98, 'Revlon Esmalte Ultra HD Nail Snap Daredevil', 118, 'Retirado', '2023-08-17'),
	(99, 'Gel para cejas, Tinted Brow Mascara, Nyx Professional Makeup, Tono Espresso, 6.2g', 115, 'Retirado', '2023-08-17'),
	(100, 'Garnier Mascarilla Facial tono uniforme con vitamina C Express Aclara', 104, 'Retirado', '2023-08-17'),
	(101, 'HASPINH Organizador de maquillaje', 193, 'Retirado', '2023-08-17'),
	(102, 'Exfoliante para pies Bioaqua Suaviza y remueve Callos al instante 200ml', 118, 'Retirado', '2023-08-17'),
	(103, 'Garnier Mascarilla Facial tono uniforme con vitamina C Express Aclara', 103, 'Retirado', '2023-08-17'),
	(104, 'HASPINH Organizador de maquillaje', 192, 'Retirado', '2023-08-17'),
	(105, 'Revlon Colorstay creme sombra de ojos, Praline', 99, 'Ingresado', '2023-08-17'),
	(106, 'Revlon Colorstay Eyeliner 0.28g', 79, 'Retirado', '2023-08-17'),
	(107, 'Eucerin protector solar extra ligero FPS50+-1 x 150 ml', 197, 'Retirado', '2023-08-17'),
	(108, 'Eucerin Mascarilla facial hidratante con Acido Hialuronico 1pz', 200, 'Ingresado', '2023-08-17'),
	(109, 'Nivea Sun protector Solar Facial Control de brillo Tono Medio (50ml) FPS 50+', 5, 'Ingresado', '2023-08-17'),
	(110, 'LABELLO Balsamo Labial Caring Beauty Red (4.8 g), Color intenso y Cuidado duradero', 153, 'Retirado', '2023-08-17'),
	(111, 'Revlon Colorstay Eyeliner 0.28g', 87, 'Retirado', '2023-08-17'),
	(112, 'Nivea Sun protector Solar Facial Control de brillo Tono Medio (50ml) FPS 50+', 1, 'Retirado', '2023-08-17'),
	(113, 'Eucerin Mascarilla facial hidratante con Acido Hialuronico 1pz', 205, 'Ingresado', '2023-08-17'),
	(114, 'Garnier Mascarilla Facial tono uniforme con vitamina C Express Aclara', 102, 'Retirado', '2023-08-18'),
	(115, 'Gel para cejas, Tinted Brow Mascara, Nyx Professional Makeup, Tono Espresso, 6.2g', 12, 'Ingresado', '2023-08-20'),
	(116, 'Gel para cejas, Tinted Brow Mascara, Nyx Professional Makeup, Tono Espresso, 6.2g', 2, 'Ingresado', '2023-08-20'),
	(117, 'Paquete de Esponjas', 10, 'Ingresado', '2023-08-20'),
	(118, 'Gel para cejas, Tinted Brow Mascara, Nyx Professional Makeup, Tono Espresso, 6.2g', 20, 'Ingresado', '2023-08-20'),
	(119, 'Head and Shoulders shampoo anticaspa', 34, 'Ingresado', '2023-08-20'),
	(120, 'Head and Shoulders shampoo anticaspa', 35, 'Ingresado', '2023-08-20'),
	(121, 'Gel para cejas, Tinted Brow Mascara, Nyx Professional Makeup, Tono Espresso, 6.2g', 2, 'Ingresado', '2023-08-20'),
	(122, 'Revlon Colorstay creme sombra de ojos, Praline', 3, 'Ingresado', '2023-08-20');

-- Volcando datos para la tabla sweet_beauty.orden_venta: ~45 rows (aproximadamente)
INSERT INTO `orden_venta` (`id_venta`, `cliente_orden_venta_FK`, `fecha_creacion_orden_venta`, `fecha_entrega_orden_venta`, `estado_orden_venta`) VALUES
	('ORD0336412', 30, '2023-08-15', '0000-00-00', 'Cancelado'),
	('ORD0367998', 4, '2023-08-14', '2023-08-15', 'Caducado'),
	('ORD0816349', 15, '2023-08-14', '0000-00-00', 'Cancelado'),
	('ORD1622519', 37, '2023-08-17', '2023-09-19', 'Cancelado'),
	('ORD1960972', 26, '2023-08-15', '2023-08-15', 'Cancelado'),
	('ORD2005046', 2, '2023-08-14', '0000-00-00', 'Cancelado'),
	('ORD2160905', 37, '2023-08-17', NULL, 'Pendiente'),
	('ORD2416136', 30, '2023-08-15', NULL, 'Pendiente'),
	('ORD2645102', 16, '2023-08-14', NULL, 'Caducado'),
	('ORD2888148', 20, '2023-08-15', '2023-08-17', 'Pagado'),
	('ORD2898353', 19, '2023-08-15', '2023-08-17', 'Pagado'),
	('ORD3367055', 20, '2023-08-15', NULL, 'Pendiente'),
	('ORD3458141', 21, '2023-08-15', NULL, 'Pendiente'),
	('ORD3459476', 40, '2023-08-17', '2023-08-17', 'Pagado'),
	('ORD3510726', 2, '2023-08-15', NULL, 'Pendiente'),
	('ORD3587635', 10, '2023-08-14', '2023-08-15', 'Cancelado'),
	('ORD3591108', 2, '2023-08-14', NULL, 'Caducado'),
	('ORD3635967', 31, '2023-08-18', NULL, 'Pendiente'),
	('ORD3851488', 37, '2023-08-17', NULL, 'Pendiente'),
	('ORD4003014', 42, '2023-08-17', NULL, 'Pendiente'),
	('ORD4190467', 21, '2023-08-15', NULL, 'Pendiente'),
	('ORD4380860', 21, '2023-08-15', NULL, 'Pendiente'),
	('ORD4610133', 20, '2023-08-15', NULL, 'Pendiente'),
	('ORD4880510', 21, '2023-08-15', NULL, 'Pendiente'),
	('ORD5007160', 27, '2023-08-15', NULL, 'Pendiente'),
	('ORD5138616', 39, '2023-08-17', NULL, 'Pendiente'),
	('ORD5552409', 37, '2023-08-17', NULL, 'Pendiente'),
	('ORD5605304', 18, '2023-08-14', NULL, 'Caducado'),
	('ORD5804710', 8, '2023-08-14', NULL, 'Caducado'),
	('ORD5953571', 7, '2023-08-14', NULL, 'Caducado'),
	('ORD6407057', 31, '2023-08-15', NULL, 'Pendiente'),
	('ORD6515383', 30, '2023-08-15', NULL, 'Pendiente'),
	('ORD7070138', 39, '2023-08-17', NULL, 'Pendiente'),
	('ORD7755387', 3, '2023-08-15', NULL, 'Pendiente'),
	('ORD8471544', 33, '2023-08-16', NULL, 'Pendiente'),
	('ORD8528346', 37, '2023-08-17', NULL, 'Pendiente'),
	('ORD8609359', 7, '2023-08-14', NULL, 'Caducado'),
	('ORD8615684', 20, '2023-08-15', NULL, 'Pendiente'),
	('ORD8727680', 42, '2023-08-17', NULL, 'Pendiente'),
	('ORD8818826', 0, '2023-08-17', NULL, 'Pendiente'),
	('ORD8849158', 33, '2023-08-16', '2023-08-17', 'Pagado'),
	('ORD8868014', 4, '2023-08-14', NULL, 'Caducado'),
	('ORD8879199', 38, '2023-08-17', NULL, 'Pendiente'),
	('ORD9273669', 39, '2023-08-17', NULL, 'Pendiente'),
	('ORD9987390', 39, '2023-08-17', NULL, 'Pendiente');

-- Volcando datos para la tabla sweet_beauty.productos: ~38 rows (aproximadamente)
INSERT INTO `productos` (`id_producto`, `nombre_producto`, `descripcion_producto`, `precio_producto`, `categoria_producto_FK`) VALUES
	(1, 'Kuul Reconstructor System 35.2oz by Kuul', '...', 240.00, 38),
	(2, 'Total Remover 16oz', '...', 220.00, 25),
	(3, 'TRESemme Acondicionador sin parabenos Detox Hidratacion con aguacate y macadamia 715 ml', '...', 90.00, 34),
	(4, 'Nivea Sun protector Solar Facial Control de brillo Tono Medio (50ml) FPS 50+', '...', 200.00, 1),
	(5, 'J. Denis-Kit Diseño De cejas', '...', 200.00, 9),
	(6, 'Passini-liquido removedor de cuticula 115ML', '.......', 160.00, 19),
	(7, 'Republic cosmetics-3D FAUX MINK Un paquete con 5 pares de pestañas postizas (A5-045)', '...', 300.00, 13),
	(8, 'Eucerin Mascarilla facial hidratante con Acido Hialuronico 1pz', '...', 280.00, 41),
	(9, 'Garnier Mascarilla Facial tono uniforme con vitamina C Express Aclara', '...', 40.00, 42),
	(10, 'Revlon Colorstay Eyeliner 0.28g', '...', 230.00, 51),
	(11, 'Revlon Colorstay creme sombra de ojos, Praline', '...', 200.00, 50),
	(12, 'Revlon Esmalte Ultra HD Nail Snap Daredevil', '...', 150.00, 24),
	(13, 'Serum para manos La Rose Sublime', '...', 450.00, 17),
	(14, 'Eucerin protector solar extra ligero FPS50+-1 x 150 ml', '...', 400.00, 2),
	(15, 'HASPINH Organizador de maquillaje', '...', 260.00, 59),
	(16, 'Real Techniques, Esponja Miracle Complexion Esponja de Maquillaje multifuncional 3 en 1, tecnologia ', '...', 200.00, 55),
	(17, 'LABELLO Balsamo Labial Caring Beauty Red (4.8 g), Color intenso y Cuidado duradero', '...', 200.00, 52),
	(18, 'Gel para cejas, Tinted Brow Mascara, Nyx Professional Makeup, Tono Espresso, 6.2g', '...', 270.00, 6),
	(19, 'Exfoliante para pies Bioaqua Suaviza y remueve Callos al instante 200ml', '...', 160.00, 21),
	(20, 'Revlon Eyelash Curler Na, 1 cuenta', '...', 150.00, 12),
	(21, 'wet n wild Barra de labios Curtsy Alicia en el país de las maravillas Colección', '¿Por qué dejar de pintar las rosas cuando también puedes pintarte los labios? Inspirado en Alicia en el País de las Maravillas, este color sedoso y altamente pigmentado se desliza sobre los labios con facilidad y está impregnado con vitamina E y extracto de hoja de aloe.', 136.00, 52),
	(24, 'Isdin Crema de manos hidratante Ureadin', 'Indicado para manos muy secas y agrietadas\r\nReduce la pérdida de agua y ayuda a mantener unos niveles óptimos de hidratación\r\nMejora la función barrera, el sistema inmune y mejora la función mecánica y flexibilidad de la piel\r\nProducción de colágeno y otras proteínas de las células de la piel\r\nAntioxidantes, regeneradores y anti-edad', 121.00, 16),
	(25, 'Wet n Wild L ES PARA LABIALIOS Ríos, colección Plaza Sésamo', 'El maquillaje de hoy es traído a usted por la letra L. L es para lápiz labial! Consigue ese puchero perfecto con este lápiz labial lujosamente vibrante con un acabado crema suave. Formulado con vitamina E, se desliza suavemente sobre los labios para un toque perfecto de color. wet n wild comienza como el primero de todos y sigue siendo un destino de por vida para una belleza vibrante y accesible. Con más de 40 años de innovaciones de vanguardia y todo incluido, somos su experto en belleza de confianza que lo mantendrá con un aspecto fabuloso sin traicionar su presupuesto. ', 136.00, 52),
	(26, 'Wet n Wild 123 SESAME STREET Paleta de ojos y rostro Colección Plaza Sésamo', 'Definitivamente podemos decirte cómo llegar a Plaza Sésamo... ¡y comienza en esta paleta de rostros! Disfruta de looks soleados que son tan amigables como todos tus personajes favoritos. Esta paleta cuenta con 15 tonos hiperpigmentados en una mezcla de mates suaves como la mantequilla, brillantes brillantes, satines brillantes y purpurina multidimensional autoadherentes para crear un aspecto positivamente hermoso. Formulada para una perfección suave y sedosa y una mezcla sin costuras, esta paleta súper versátil se puede utilizar para crear una infinita variedad de estilos artísticos.', 480.00, 50),
	(27, 'Wet n Wild Colección Tickle Me Lip Tingling Gloss Plaza Sésamo', '¡Elmo quiere ayudar a que tus labios brillen! Este maravilloso brillo de labios proporciona un lavado puro de color brillante mientras proporciona una sensación refrescante y rellena. Disfruta de un brillo no pegajoso similar a un espejo que se desliza con facilidad. ', 136.00, 52),
	(28, 'wet n wild Not A Weed Lip Gloss Colección Alicia en el País de las Maravillas', 'Pasea por el País de las Maravillas con la ayuda de estos brillos labiales tintados inspirados en Alicia en el País de las MaravillEste lujoso brillo de labios proporciona un alto brillo y un acabado similar a un espejo que seguramente llamará la atención. Formulado con vitamina E, aceite de semilla de girasol y aceite de argán para mayor brillo y comodidad.', 210.00, 52),
	(29, 'wet n wild Pintado Rosas Labiales Colección Alicia en el País', '¿Por qué dejar de pintar las rosas cuando también puedes pintarte los labios? Inspirado en Alicia en el País de las Maravillas, este color sedoso y altamente pigmentado se desliza sobre los labios con facilidad y está impregnado con vitamina E y extracto de hoja de aloe. ', 136.00, 52),
	(30, 'Real Techniques, Everyday Essentials, Set de Brochas de Maquillaje con Esponja Multifuncional', 'KIT ESENCIAL. El set Everyday Essentials de Real Techniques es lo que necesitas para dominar tu look en todos los sentidos, maquillar tu rostro, mejillas y ojos uniformemente y lucir mejor que nunca sea cual sea la ocasión.\r\n', 459.00, 54),
	(31, 'Wet N Wild Paleta de ojos y rostro Lost In Wonderland Colección Alicia en el país de las maravillas', 'Piérdete en el País de las Maravillas con looks positivamente maravillosos que son tan extraordinarios como los personajes. Esta paleta cuenta con 15 tonos hiperpigmentados en una mezcla de mates suaves como la mantequilla, brillantes brillos, satines brillantes y purpurina multidimensional autoadherentes. Formulada para un uso duradero, un deslizamiento suave como la seda y una mezcla sin costuras, esta paleta súper versátil se puede utilizar para crear una variedad infinita de estilos artísticos: úsala seca o húmeda para un color de alto impacto.', 584.00, 50),
	(32, 'Wet n Wild Crystal Cavern Mega Glo - Amatista', 'Paquete de 1 unidad.\r\nColección Crystal Cavern.', 80.00, 50),
	(33, 'Brochas de Maquillaje Set 10 PCs Profesional Kit de Pinceles de Maquillaje Kabuki Sombra de Ojos', 'MAANGE Juego de brochas de maquillaje mejoradas: contiene 10 brochas de maquillaje básicas para base líquida, sombra de ojos, corrector, etc. 1 funda para brochas de maquillaje, 1 esponja de maquillaje y 1 alfombrilla de limpieza de brochas. Un juego completo de equipos de maquillaje, cuida y almacena tus brochas de maquillaje, ahorra preocupaciones y esfuerzo, y deja que cada brocha de maquillaje dé un juego completo a su efecto y no se deje sin usar.\r\n', 329.00, 54),
	(34, 'Gospire Espejo de maquillaje iluminado de 8 pulgadas, 3 luces de color y espejo LED de atenuación', '【Diseño elegante táctil inteligente y atenuación sin escalonados】El espejo de maquillaje iluminado de 8 pulgadas tiene niveles de atenuación infinitos y un diseño de sensor táctil de alta sensibilidad. Presiona brevemente el interruptor del sensor para encender/apagar la luz. Mantén presionado para ajustar el brillo para satisfacer todas tus necesidades en diferentes circunstancias y diversas situaciones de iluminación.', 956.00, 57),
	(36, 'Eucerin Protector solar facial efecto mate toque seco Oil Control, , 50 ml', 'Protector solar facial FPS 50+', 500.00, 1),
	(37, 'sombras', '...', 250.00, 2),
	(38, 'Esponja marca Shoonlo paquete ', 'Paquete de 10 esponjas multicolor para el aplicado de maquillaje', 150.00, 55),
	(39, 'Paquete de esponjas de maquillaje', 'Esponjas de maquillaje 10pz por paquete', 150.00, 55),
	(40, 'Paquete de Esponjas', 'paquete de 10 esponjas multicolor para el maquillado', 140.00, 55),
	(41, 'Head and Shoulders shampoo anticaspa', 'Shampoo anticaspa head and shoulders limpieza renovadora 375ml', 43.00, 33);

-- Volcando datos para la tabla sweet_beauty.registros_cita: ~33 rows (aproximadamente)
INSERT INTO `registros_cita` (`id_registro_cita`, `cliente_registro_cita_FK`, `fecha_creacion_registro_cita`, `fecha_cita_registro_cita`, `hora_registro_cita`, `estado_registro_cita`, `descripcion_registro_cita`) VALUES
	(1, 2, '2023-08-14', '2023-08-16', '07:00:00', 'Aceptada', ''),
	(2, 4, '2023-08-14', '2023-08-31', '04:00:00', 'Cancelada', 'llevaré a mi niña '),
	(3, 7, '2023-08-14', '2023-08-16', '03:00:00', 'Cancelada', 'Puede venir a mi domicilio? Es que tengo 6 hijas'),
	(4, 12, '2023-08-14', '2023-09-15', '05:00:00', 'Cancelada', 'que sean de color negro y gris'),
	(5, 16, '2023-08-14', '2023-08-16', '03:00:00', 'Cancelada', '¡Que Vanagloria, Las Uñas Danzarinas!'),
	(6, 17, '2023-08-14', '2023-09-04', '07:00:00', 'Cancelada', 'Por favor que me atienda Duran'),
	(7, 18, '2023-08-14', '2023-08-17', '04:00:00', 'Cancelada', ''),
	(8, 19, '2023-08-15', '2023-08-23', '06:00:00', 'Cancelada', 'El tinte lo consigue exclusivamente usted?'),
	(9, 20, '2023-08-15', '2023-08-17', '05:00:00', 'Cancelada', ''),
	(10, 23, '2023-08-15', '2023-11-20', '05:00:00', 'Cancelada', ''),
	(11, 3, '2023-08-15', '2023-08-19', '06:00:00', 'Aceptada', ''),
	(12, 26, '2023-08-15', '2023-08-18', '09:00:00', 'Cancelada', 'Quiero que me arreglen las uñas de los pies y me quiten los hongos de mi uña con diabetes tipo c'),
	(13, 2, '2023-08-15', '2023-08-17', '05:00:00', 'Cancelada', ''),
	(14, 29, '2023-08-15', '2023-08-31', '07:00:00', 'Cancelada', ''),
	(15, 29, '2023-08-15', '2023-08-18', '03:00:00', 'Cancelada', ''),
	(16, 29, '2023-08-15', '2023-08-23', '03:00:00', 'Cancelada', ''),
	(17, 24, '2023-08-15', '2023-08-17', '03:00:00', 'Aceptada', ''),
	(18, 30, '2023-08-15', '2023-08-17', '08:00:00', 'Cancelada', 'Si, este.... Cómo soy cliente nuevo, me gustaría un rebaje y una promoción, gracias '),
	(19, 2, '2023-08-16', '2023-08-18', '03:00:00', 'Aceptada', ''),
	(20, 37, '2023-08-17', '2023-08-19', '04:00:00', 'Cancelada', 'Soy un cliente muy especial '),
	(21, 38, '2023-08-17', '2023-08-21', '03:00:00', 'Aceptada', ''),
	(22, 40, '2023-08-17', '2023-08-25', '03:00:00', 'Cancelada', ''),
	(23, 41, '2023-08-17', '2023-08-22', '04:00:00', 'Aceptada', 'voy con todo!!!!'),
	(24, 39, '2023-08-17', '2023-08-25', '05:00:00', 'Aceptada', 'CABELLO CORTO'),
	(25, 37, '2023-08-17', '2024-02-17', '09:00:00', 'Aceptada', 'Vemgo del futuro, tu negocio ya no existe'),
	(26, 37, '2023-08-17', '2024-02-07', '09:00:00', 'Pendiente', 'SOY UN CLIENTE SIN DEDOS'),
	(27, 37, '2023-08-17', '2024-02-17', '09:00:00', 'Pendiente', 'no usar pinzas'),
	(28, 37, '2023-08-17', '2023-08-25', '09:00:00', 'Aceptada', ''),
	(29, 38, '2023-08-17', '2023-09-15', '05:00:00', 'Pendiente', 'cabello'),
	(30, 37, '2023-08-17', '2023-09-15', '03:00:00', 'Pendiente', ''),
	(31, 37, '2023-08-17', '2023-09-15', '03:00:00', 'Pendiente', ''),
	(32, 45, '2023-08-19', '2023-08-23', '05:00:00', 'Cancelada', 'xd'),
	(33, 2, '2023-08-20', '2023-08-22', '03:00:00', 'Pendiente', '');

-- Volcando datos para la tabla sweet_beauty.servicios: ~5 rows (aproximadamente)
INSERT INTO `servicios` (`id_servicio`, `nombre_servicio`) VALUES
	(1, 'Cabello'),
	(3, 'Cejas'),
	(2, 'Manicura'),
	(5, 'Paquetes'),
	(4, 'Pestañas');

-- Volcando datos para la tabla sweet_beauty.tipos_servicio: ~20 rows (aproximadamente)
INSERT INTO `tipos_servicio` (`id_tipo_servicio`, `nombre_tipo_servicio`, `descripcion_tipo_servicio`, `precio_tipo_servicio`, `servicio_tipo_servicio_FK`, `tiempo_aproximado_servicio`) VALUES
	(1, 'Paquete diseño y planchado de cejas', 'Este paquete ofrece un servicio de diseño de cejas para crear la forma ideal según tu rostro, seguido de un proceso de planchado para mantener las cejas en su lugar.', 100.00, 5, '00:40:00'),
	(2, 'Aplicación de pestañas', 'Agregar extensiones de pestañas para lograr pestañas más largas y densas, realzando la mirada.', 100.00, 4, '01:00:00'),
	(3, 'Rizado de pestañas', 'Un proceso en el que las pestañas naturales se curvan hacia arriba para dar una apariencia más abierta y despierta a los ojos, sin necesidad de rímel o rizador.', 100.00, 4, '00:30:00'),
	(4, 'Encerado', 'Encerado a base de keratina se aplica en el cabello con la finalidad de hidratar restaurar y alisar el cabello. El precio puede variar según el largo del pelo', 550.00, 1, '02:00:00'),
	(5, 'Mechas', 'Un proceso de coloración en el que se aplican hilos de color más claro o más oscuro en el cabello para lograr un contraste y dimensión naturales.', 900.00, 1, '06:00:00'),
	(6, 'Aplicación de tintes', 'Un proceso en el que se aplica tinte en el cabello para cambiar su color, ya sea para cubrir las canas, cambiar el tono o experimentar con colores vibrantes.', 300.00, 1, '02:00:00'),
	(7, 'Balayage', 'Una técnica de coloración en la que se aplican trazos de tinte de manera gradual y difuminada, creando un efecto degradado y natural. El precio puede variar según el largo del pelo', 1000.00, 1, '06:00:00'),
	(8, 'Planchado', 'Un tratamiento que alisa el cabello de manera temporal, eliminando el frizz y creando un aspecto liso y elegante.', 100.00, 1, '00:30:00'),
	(9, 'Rizos', 'Un tratamiento que crea rizos duraderos en el cabello, proporcionando volumen y textura sin la necesidad de usar herramientas de peinado constantemente.', 120.00, 1, '00:30:00'),
	(10, 'Uñas minis', 'Una manicura básica incluye el limado y la forma de las uñas, eliminación de cutículas, aplicación de esmalte y, opcionalmente, un masaje de manos. Ideal para mantener un aspecto pulido y limpio en tus uñas.', 180.00, 2, '02:00:00'),
	(11, 'Uñas medianas', 'Esta opción incluye todos los pasos de la manicura básica, pero también agrega extensiones de uñas para obtener una longitud mediana. Puedes elegir entre diferentes formas y estilos.', 200.00, 2, '02:00:00'),
	(12, 'Uñas largas', 'Similar a la manicura con extensión, pero enfocada en crear uñas más largas para un aspecto dramático. Se pueden personalizar con diseños y colores.', 270.00, 2, '03:00:00'),
	(13, 'Gelish', 'Un tipo de esmalte de uñas que se endurece bajo una lámpara UV, ofreciendo un acabado duradero y brillante que dura semanas sin descascararse.', 100.00, 2, '00:40:00'),
	(14, 'Paquete maquillaje y peinado', 'Un servicio combinado que incluye la aplicación de maquillaje profesional y el peinado de tu elección, ideal para ocasiones especiales.', 500.00, 5, '02:30:00'),
	(15, 'Depilación de cejas con pinzas', 'Eliminación de vello con pinzas para dar forma a las cejas.', 20.00, 3, '00:15:00'),
	(16, 'Tinte de cejas', 'Aplicación de tinte semipermanente para oscurecer y definir las cejas.', 25.00, 3, '00:20:00'),
	(17, 'Microblading', 'Creación de trazos finos que imitan el vello de las cejas.', 500.00, 3, '00:30:00'),
	(18, 'Micropigmentación de cejas', 'Aplicación de pigmento semipermanente para crear cejas más densas y definidas.', 700.00, 3, '02:00:00'),
	(19, 'Extensiones de cejas', 'Aplicación de cabellos sintéticos para dar volumen y longitud a las cejas.', 80.00, 3, '01:00:00'),
	(20, 'Laminación de cejas', 'Tratamiento para alisar y enderezar los cabellos de las cejas.', 60.00, 3, '00:45:00');

-- Volcando datos para la tabla sweet_beauty.tipo_categorias: ~60 rows (aproximadamente)
INSERT INTO `tipo_categorias` (`id_tipo_categoria`, `nombre_tipo_categoria`, `categoria_tipo_catergoria_FK`) VALUES
	(1, 'Protector solar facial', 9),
	(2, 'Protector solar corporal', 9),
	(3, 'Protector solar en crema', 9),
	(4, 'Protector solar resistente al agua', 9),
	(5, 'Serums para el crecimiento de cejas', 8),
	(6, 'Geles para cejas', 8),
	(7, 'Lápices para cejas', 8),
	(8, 'Plantillas para cejas', 8),
	(9, 'Kit de cejas', 8),
	(10, 'Pinzas para cejas', 8),
	(11, 'Serums para el crecimiento de pestañas', 8),
	(12, 'Rizadores de pestañas', 8),
	(13, 'Pestañas postizas', 8),
	(14, 'Adhesivos para pestañas postizas', 8),
	(15, 'Removedor de adhesivo para pestañas', 8),
	(16, 'Cremas hidratantes para manos', 7),
	(17, 'Serums para manos', 7),
	(18, 'Tratamientos para uñas frágiles', 7),
	(19, 'Removedores de cutículas', 7),
	(20, 'Cremas hidratantes para pies', 7),
	(21, 'Exfoliantes para pies', 7),
	(22, 'Serums para pies', 7),
	(23, 'Tratamientos para callos y durezas', 7),
	(24, 'Esmaltes de uñas', 6),
	(25, 'Removedores de esmalte', 6),
	(26, 'Aceites para uñas y cutículas', 6),
	(27, 'Endurecedores de uñas', 6),
	(28, 'Base coat', 6),
	(29, 'Top coat', 6),
	(30, 'Decoración de uñas', 6),
	(31, 'Limas y pulidores de uñas', 6),
	(32, 'Pinceles para nail art', 6),
	(33, 'Champús', 5),
	(34, 'Acondicionadores', 5),
	(35, 'Serums capilares', 5),
	(36, 'Aceites capilares', 5),
	(37, 'Sprays para el cabello', 5),
	(38, 'Tratamientos capilares', 5),
	(39, 'Limpiadores faciales', 4),
	(40, 'Serums faciales', 4),
	(41, 'Cremas hidratantes faciales', 4),
	(42, 'Mascarillas faciales', 4),
	(43, 'Exfoliantes faciales', 4),
	(44, 'Aceites faciales', 4),
	(45, 'Contornos de ojos', 4),
	(46, 'Bases de maquillaje', 3),
	(47, 'Correctores', 3),
	(48, 'Polvos compactos', 3),
	(49, 'Rubores', 3),
	(50, 'Sombras de ojos', 3),
	(51, 'Eyeliners', 3),
	(52, 'Labiales', 3),
	(53, 'Brillos de labios', 3),
	(54, 'Brochas de maquillaje', 2),
	(55, 'Esponjas de maquillaje', 2),
	(56, 'Pinceles para labios', 2),
	(57, 'Espejos de maquillaje', 2),
	(58, 'Paletas de mezcla de maquillaje', 2),
	(59, 'Organizadores de maquillaje', 2),
	(60, 'Aplicadores de maquillaje', 2);

-- Volcando datos para la tabla sweet_beauty.usuarios: ~45 rows (aproximadamente)
INSERT INTO `usuarios` (`id_usuario`, `nombre_usuario`, `contraseña_usuario`, `email_usuario`, `telefono_usuario`, `fecha_nacimiento_usuario`, `sexo_usuario`, `fecha_registro_usuario`) VALUES
	(0, 'Dulce Yazmin Hernandez Tello', '$2y$10$7Vf9jINOLlWgKbEG/IFQXunsRMdHtWNlAjLXtm.9/gTfBdc0OtYXa', 'sweetbeautyutt@gmail.com', '8714033683', '1985-03-29', 'Masculino', '2023-08-14'),
	(2, 'Fernando Yael Zapata Domínguez', '$2y$10$yiUYOYbkeoMyLEJG32Tlrug.4m4HFbX.AQKqea4cS2bS7TCsD7MgS', 'jafetavalos49@gmail.com', '8713719607', '2004-03-09', 'Masculino', '2023-08-14'),
	(3, 'Jessica Lizeth Juarez Hernandez', '$2y$10$ENtN5xV.0Gv968fK9KucWeuE7GfsDzJMgXFKVuW19rJ9d3IppK2pa', 'lizethjh17@gmail.com', '8712599862', '2002-07-20', 'Femenino', '2023-08-14'),
	(4, 'Diego Alberto Gaona Rios ', '$2y$10$zDBn9rUC6OydcN1FhybI6OtwHAu73muUWWhuWw6rZXvq7XSBApJIO', 'diegogaona306@gmail.com', '8712184912', '2003-06-30', 'Masculino', '2023-08-14'),
	(5, 'Dulce Ximena Perez Perez', '$2y$10$JjCKu08.F70YeBR3URSmuOBqszqbvqu3.n.e692gKosYeuC7EhyXO', 'ximena@gmail.com', '8712384012', '2004-01-16', 'Femenino', '2023-08-14'),
	(7, 'Kanye Iñarritu Hardy Goodman', '$2y$10$MW9zvOKaHOs.jOunr9wXXe7aI0CyYP/mU9jQCoGmq2bycv/4wYsaS', 'axelmorales238@gmail.com', '8711986533', '2003-08-26', 'Otro', '2023-08-14'),
	(8, 'Juan Antonio', '$2y$10$pmABemNzLuwcW/smSSG5BOiu2wpV1OWP1UaFGEeioWEsvxGBAH8s6', '123@gmail.com', '8714091234', '2004-01-18', 'Masculino', '2023-08-14'),
	(9, 'briseida cristel', '$2y$10$QPLPXENWSjs/0ma1Y3qKfOCgNZSuhLSWrUJR.CuzcpGTc5bwTVrsm', 'briseidaalvarez@gmail.com', '8715727975', '2005-07-29', 'Femenino', '2023-08-14'),
	(10, 'Luis Angel Alvarado ', '$2y$10$N/HNev7HlSnGigNVmnvGIed6mHrvDlhuPsGj7nS7lg0tznP3e81aK', 'alvarado.hdz.luis@gmail.com', '8712549015', '1997-01-18', 'Masculino', '2023-08-14'),
	(11, 'Stephanie López ', '$2y$10$pJrnNVeRgJqeCKG6g9bErOc4kIziKI7P8HCOGcS9BIzfBimlIEsXq', 'fani14007@gmail.com', '8713701035', '2000-09-07', 'Femenino', '2023-08-14'),
	(12, 'raul hernanez gallegos', '$2y$10$FpTJxTTXRQg2pyPczlsPBOj/wrpU7WmFU0ocQd1Hz6rdwOS/rnFQW', 'gal68098@gmail.com', '8713546444', '2004-10-14', 'Masculino', '2023-08-14'),
	(13, 'Itzel Juárez', '$2y$10$sGMLYSltzMj9N4ildRQxfudknr8eyboMHk2.s3dsfw8QUz/5ovsFC', 'milyberta00@gmail.com', '8715040215', '1989-01-26', 'Femenino', '2023-08-14'),
	(14, 'Erick ', '$2y$10$sSUymY3MxgDpkcpnwAbK5uhWydIt9ZNZy8TM1H5zjm1KFV9vf8wMa', 'ericjulio16@gmail.com', '8717907186', '2001-07-16', 'Masculino', '2023-08-14'),
	(15, 'Legh', '$2y$10$aEnf31V5nz0P0SAe3msjKe92jtxUjVaS2mbMU/SSSdlmvKWe0LIJi', 'leghgamerpro10@gmail.com', '8712261547', '2004-05-14', 'Masculino', '2023-08-14'),
	(16, 'Doctor ', '$2y$10$zPd88TWj5s7qpTtnHFw.6OFgf4ZfFcjd/RwBZFWgV/iu39EGWdENe', 'ptpd_qxupw79@gmail.com', '8712344560', '2004-05-01', 'Masculino', '2023-08-14'),
	(17, 'Angel Ibarra', '$2y$10$z/8FRdfOzHFrgEc1hA5tKOLFy1kwTjZB/nbvMmuXHOGplcvul3V/a', 'chucapsoresadomicilio@hotmail.com', '8715012989', '2004-09-05', 'Masculino', '2023-08-14'),
	(18, 'Jonathan ', '$2y$10$fnb7LZOhim7NVNafS7l6TeylKvV7Z2a1lnyScKC.P4mMI08NNPp0.', 'yolol2296@gmail.com', '8716095610', '2003-09-05', 'Femenino', '2023-08-14'),
	(19, 'Hadid Martinez', '$2y$10$iuOLmsYdb.9OYHXAn6Oxt.l9hEkkgZ73CmigxhYhWf/wRyTa7rYFC', 'hadidsfc9@gmail.com', '8714519949', '2002-11-25', 'Masculino', '2023-08-15'),
	(20, 'Angel Lopez', '$2y$10$0gijDpyIJPwzhe04u8vhYuo7X7nwqBP3RYvLJUxbbp2pb.REGrvGW', 'angelosteam16@outlook.es', '8717345782', '2001-05-15', 'Masculino', '2023-08-15'),
	(21, 'ana ximena rodriguez reyes ', '$2y$10$Na4R/SpfxEWpuGMmKKPnquPiluLPoAyxkCWQyqOIDcQVGsnWL5R4O', 'reyesxime999@gmail.com', '8715215680', '2004-10-17', 'Otro', '2023-08-15'),
	(22, 'Durann', '$2y$10$dRfluC1Ph3zyCb5pFjXUPOWFTP3GhapFKTHr6ijMiLbLf0EWKjjyO', 'jesusduranrmz@outlook.es', '8715139161', '2001-09-21', 'Masculino', '2023-08-15'),
	(23, 'Sebas ', '$2y$10$o1sfaNGCjYKvVzr3UOnViuUNq2TAHUPxYtajlmPNnlfJ0Ks7wGh0e', 'sebasmonster@gmail.com', '8715070769', '2004-07-11', 'Femenino', '2023-08-15'),
	(24, 'Erick', '$2y$10$CHGRQr81Q082hBHwU.Yy/uiFOnb9HikWlBD.ADCimuC0I9HjlwtOu', 'laloelrick@gmail.com', '8714139811', '2004-03-24', 'Masculino', '2023-08-15'),
	(25, 'Guadalupe Estefania Hernandez Gallegos', '$2y$10$iQduwosL7OYNYF/55c45p.43mESzyMtgR0ME2BG5e13BYriPLf.aK', 'azulierie@gmail.com', '8714605180', '2002-03-06', 'Femenino', '2023-08-15'),
	(26, 'Juana De Arco', '$2y$10$dhf53swriDysstP/BvdGGudXX/aAPsVnh/EqRFyyJOMcSmgDvQAYa', 'tostadafrancesa@gmail.com', '8711642744', '2000-08-31', 'Masculino', '2023-08-15'),
	(27, 'Quentin Tarantino', '$2y$10$oMqA5YTtErzkkJRZKqw2ge98bCaxEod/gdfHg1rysUoz0n1uZTp.6', 'babajasgo@hotmail.com', '8713574026', '2002-02-18', 'Otro', '2023-08-15'),
	(28, 'Diego', '$2y$10$ubdCzZI7vzD2oFFtG21LCeKEj9B3ONUZXkwmA.r6AQ.qQ/yQxHbw.', 'isacc8713@gmail.com', '8713918992', '2005-01-24', 'Masculino', '2023-08-15'),
	(29, 'Vicky', '$2y$10$kkO0G92ZjkKJtQZbTP3p..rzs2Zs.I6qxpP5i5Fw5M7VSdVu0sm.a', 'Reyedvictoria1803@gmail.com', '8715349734', '2003-08-02', 'Femenino', '2023-08-15'),
	(30, 'Aldo Iván Calderón Fernández', '$2y$10$m1HFEHqM7J549mtuuiOfMeqFYgma8v5xNVYwDex6.0rDK5etHD2Ym', 'ivancalderon360@gmail.com', '8711611705', '2002-11-16', 'Otro', '2023-08-15'),
	(31, 'Antonio ', '$2y$10$LEoI/6jUUp7VBUWde5HJquCr8l.VDqzqQo1y0WfRiqFqMMEpXtpJC', 'pollosirenoman@gmail.com', '8713273829', '2002-08-14', 'Masculino', '2023-08-15'),
	(32, 'Alexa Gaytan ', '$2y$10$G/57zSwIKdwvpGImbkFkMuA9SrI.7V.yupUApDKXrBCX3gbvrcZM6', 'alexa@gmail.com', '8714362436', '2004-01-01', 'Femenino', '2023-08-15'),
	(33, 'Daniel Fong Maldonado', '$2y$10$JqgWtsrYJHqEWXXJwiP4UeL.AQUrTmro8BBPTRYLC44aBLQLPXD2C', 'danifongm@gmail.com', '8715200251', '2005-07-06', 'Masculino', '2023-08-16'),
	(34, 'yoshi', '$2y$10$VTWsgp7L8UOLt4iG65uNPOFtYRVtBoICpVeLW9WO6jyPtZ4HWaqly', 'yoshisykes@gmail.com', '8712503959', '2000-11-29', 'Masculino', '2023-08-16'),
	(35, 'Mario Molina', '$2y$10$4NK4Ht.vOnfI.84JAdbNGONHQHd7bvvvm.nFaNlqZjkw8dEySOEeW', 'yisuskroom@hotmail.com', '8711055582', '2004-08-17', 'Masculino', '2023-08-17'),
	(36, 'Armando ', '$2y$10$LsByzC4v1oEGaD4JuZCMR.GwjfrzIfLNaxeA2FjI7oAHFG.E.k3D.', 'bocher1227@gmail.com', '5565024117', '2004-11-10', 'Masculino', '2023-08-17'),
	(37, 'Antonio Garay Espinoza ', '$2y$10$JRijJj36Yvnx/mH2KcUY6ePmg3gCeXni834kIkP3IrzYkYO0TevyW', 'agaray@utt.edu.mx', '8717321111', '2004-08-17', 'Masculino', '2023-08-17'),
	(38, 'Daniel Rosales Diaz Miron', '$2y$10$UQYF/IAH2cLms1/a71LfHeD08S4gENbMbUhmlzaY0O68UuLb77ct6', 'drosales@utt.edu.mx', '8717321111', '2000-10-11', 'Masculino', '2023-08-17'),
	(39, 'ANA HERNANDEZ', '$2y$10$WZ8xSP2ibbJlhHIJQvDbmeld7EjKCSj/6923.CRwODuFxjk9th9Cm', 'ahernandez@utt.edu.mx', '8711678120', '1973-12-27', 'Femenino', '2023-08-17'),
	(40, 'Lizeth Juarez', '$2y$10$Ygdh8wqw6OrcRy3ZNYPwZuA8EKAMrFRRC2zxG/rXy6OSJ/Tcs/y3G', 'lizju@gmail.com', '8714563246', '2000-06-20', 'Femenino', '2023-08-17'),
	(41, 'ramiro eess', '$2y$10$ODFN9nvpUDf60dan/LwiHuIXqgfa52C/89421qp5ralbUJebKFczi', 'ramiro174@gmail.com', '8711765065', '2005-07-21', 'Masculino', '2023-08-17'),
	(42, 'Aaaaaaaaaaa', '$2y$10$a3n2.fONeQSS/sxesuZNCuvnVTspxxifO41WWJloa2JJpb2Oom7j.', 'jd43573@gmail.com', '8712365448', '2003-04-21', 'Masculino', '2023-08-17'),
	(43, 'Fernando Yael Zapata Domínguez', '$2y$10$2NYDmlWyMOhDdwV2jC6tA.0wF/DfCSkaPdyzVUl2LfBJXpB6IXBPy', 'feryael@gmail.com', '8713440048', '2000-01-01', 'Masculino', '2023-08-17'),
	(44, 'Luis Luis Luis Luis ', '$2y$10$HFdv7y49coiBVwKetrtmcetiwvr.siqCy1OWfqRtbdSOsHWm6lAia', 'hola1234@gmail.com', '5533269885', '1975-05-10', 'Masculino', '2023-08-17'),
	(45, 'Iker Alexis', '$2y$10$/dFbTHRB1/yqVuRi2/f7t.WeVgSmpBu8/Py02qnc1kr7i9kqPU1yO', 'telesamsung911@gmail.com', '8712398134', '2002-06-19', 'Masculino', '2023-08-19'),
	(46, 'Fernando Yael Zapata', '$2y$10$mzkm3EJ8XLurRcetFNQTAOMeGJEK9MHbYmGgfnCS.6CEUVom7/HJq', 'holaz@gmail.com', '8765422312', '2000-01-01', 'Otro', '2023-08-20');

/*!40103 SET TIME_ZONE=IFNULL(@OLD_TIME_ZONE, 'system') */;
/*!40101 SET SQL_MODE=IFNULL(@OLD_SQL_MODE, '') */;
/*!40014 SET FOREIGN_KEY_CHECKS=IFNULL(@OLD_FOREIGN_KEY_CHECKS, 1) */;
/*!40101 SET CHARACTER_SET_CLIENT=@OLD_CHARACTER_SET_CLIENT */;
/*!40111 SET SQL_NOTES=IFNULL(@OLD_SQL_NOTES, 1) */;
